Date,Symbol,Series,Prev Close,Open,High,Low,Last,Close,VWAP,Volume,Turnover,Trades,Deliverable Volume,%Deliverble
05-09-2018,UPL,EQ,698.6,698.9,712.5,683.5,697.35,697.35,700.05,5272834,3.69126E+14,86641,2332672,0.4424
06-09-2018,UPL,EQ,697.35,701.4,709.45,696.75,708,705.05,702.93,2053405,1.44339E+14,49205,617115,0.3005
07-09-2018,UPL,EQ,705.05,708.7,718,701.75,715,714,712.97,1932868,1.37807E+14,49747,442413,0.2289
10-09-2018,UPL,EQ,714,714.95,722.8,700.6,707,703.25,711.57,1665735,1.18529E+14,35561,335495,0.2014
11-09-2018,UPL,EQ,703.25,707.5,715,682.3,686.35,687.65,691.92,2626499,1.81732E+14,54417,782564,0.2979
12-09-2018,UPL,EQ,687.65,692.2,706,680.1,703.9,703.65,693.45,1353322,9.38468E+13,33678,208086,0.1538
14-09-2018,UPL,EQ,703.65,710,738.9,709.1,738,736.75,730.38,3848531,2.8109E+14,75530,1057729,0.2748
17-09-2018,UPL,EQ,736.75,734.9,735.95,722,722.4,723.5,728.5,1600458,1.16593E+14,42155,208036,0.13
18-09-2018,UPL,EQ,723.5,727,738.15,704.65,708.5,709.05,726.38,2627124,1.90828E+14,54250,542337,0.2064
19-09-2018,UPL,EQ,709.05,714,715.75,688,692.5,692.3,700.31,2618411,1.83371E+14,57531,996420,0.3805
21-09-2018,UPL,EQ,692.3,692.5,709,588.5,666,665.8,665.11,5107837,3.39729E+14,64858,2012082,0.3939
24-09-2018,UPL,EQ,665.8,669,672,639.95,655.25,651.4,653.48,2641335,1.72606E+14,37558,1086984,0.4115
25-09-2018,UPL,EQ,651.4,651.3,664.9,639.95,661.15,660.95,650.38,1960748,1.27524E+14,46277,688378,0.3511
26-09-2018,UPL,EQ,660.95,664,705,653.75,701.45,697.55,681.56,3830064,2.6104E+14,66920,1134484,0.2962
27-09-2018,UPL,EQ,697.55,702.45,703.5,678.65,682,683.1,689.14,2626141,1.80978E+14,57882,795227,0.3028
28-09-2018,UPL,EQ,683.1,685,690.6,655,664.65,664.3,672.27,1536357,1.03285E+14,44063,410807,0.2674
01-10-2018,UPL,EQ,664.3,664.65,670,638.15,667.5,665.6,651.8,2029698,1.32295E+14,48791,368372,0.1815
03-10-2018,UPL,EQ,665.6,666,669.1,639.4,642,642.65,645.98,3496373,2.25858E+14,70495,1816318,0.5195
04-10-2018,UPL,EQ,642.65,630.05,645.45,621.2,629.2,628.75,635.15,2463238,1.56452E+14,44772,967073,0.3926
05-10-2018,UPL,EQ,628.75,627.8,631.95,590.65,597.5,596.65,616.42,2554877,1.57489E+14,57757,1149786,0.45
08-10-2018,UPL,EQ,596.65,598,625,582.15,619.5,619.15,610.94,3628920,2.21706E+14,113969,1347424,0.3713
09-10-2018,UPL,EQ,619.15,622.95,622.95,591.25,601.3,604.1,606.01,1699809,1.0301E+14,53949,276158,0.1625
10-10-2018,UPL,EQ,604.1,605,625,605,623.8,622.45,618.91,1225919,7.58735E+13,25783,189215,0.1543
11-10-2018,UPL,EQ,622.45,609,622.4,590.2,606,605.15,610.19,1592797,9.71906E+13,56951,635480,0.399
12-10-2018,UPL,EQ,605.15,609.1,635,609.1,630,627.95,628.99,1602515,1.00797E+14,42192,243443,0.1519
15-10-2018,UPL,EQ,627.95,627.95,638.5,620.75,636.9,635.95,628.83,1363957,8.57695E+13,28905,432285,0.3169
16-10-2018,UPL,EQ,635.95,640,648,633.15,640.1,642.1,642.2,1514602,9.72684E+13,39430,583558,0.3853
17-10-2018,UPL,EQ,642.1,646.15,665,631.7,638.15,638.25,639.47,1706506,1.09126E+14,32671,761649,0.4463
19-10-2018,UPL,EQ,638.25,637.95,648.75,627.6,645,644.35,634.6,2119966,1.34532E+14,59580,1256447,0.5927
22-10-2018,UPL,EQ,644.35,645,652,626.1,633,633.65,634,1083604,6.87004E+13,27137,317878,0.2934
23-10-2018,UPL,EQ,633.65,631,635,608.75,614.65,615.35,621.92,1895431,1.17881E+14,67514,932390,0.4919
24-10-2018,UPL,EQ,615.35,616,629,613.7,625.05,622.8,620.98,930010,5.77518E+13,29874,258916,0.2784
25-10-2018,UPL,EQ,622.8,617.9,618.55,595.4,598.55,599.45,602.98,1651219,9.95656E+13,58994,569072,0.3446
26-10-2018,UPL,EQ,599.45,602.9,626.4,585,620,622.7,607.66,4592411,2.79064E+14,124933,775153,0.1688
29-10-2018,UPL,EQ,622.7,620,634.7,613.3,630,631.6,625.4,2035438,1.27297E+14,53774,395686,0.1944
30-10-2018,UPL,EQ,631.6,628,647.9,623.5,634.15,636.8,637.67,2495380,1.59123E+14,49660,408007,0.1635
31-10-2018,UPL,EQ,636.8,639,677.2,637,671.6,674.35,657.49,3088884,2.03091E+14,78611,1027183,0.3325
01-11-2018,UPL,EQ,674.35,676,699,670,698.45,695.9,687.7,3202739,2.20254E+14,81672,1423154,0.4444
02-11-2018,UPL,EQ,695.9,699,716.5,699,710.7,711.45,707.7,4845338,3.42906E+14,44515,3282045,0.6774
05-11-2018,UPL,EQ,711.45,708.45,728.7,699.45,726.6,724.3,716.62,1482446,1.06234E+14,39435,269104,0.1815
06-11-2018,UPL,EQ,724.3,721.15,727.95,714.85,721.95,721.9,720.67,1456851,1.04991E+14,29009,477575,0.3278
07-11-2018,UPL,EQ,721.9,722.35,731.9,722.25,729.5,729.6,728.77,386070,2.81358E+13,6435,150906,0.3909
09-11-2018,UPL,EQ,729.6,727.45,744.9,722.5,741,740,736.65,1860293,1.37038E+14,35406,771919,0.4149
12-11-2018,UPL,EQ,740,740,751.7,730.3,736.5,733.2,741.39,1415482,1.04943E+14,58330,425272,0.3004
13-11-2018,UPL,EQ,733.2,729,739.95,716.4,738.2,736.55,726.23,1569155,1.13957E+14,44598,564794,0.3599
14-11-2018,UPL,EQ,736.55,738.2,761.8,736.5,759,760.25,753.33,2952089,2.22389E+14,62558,1236055,0.4187
15-11-2018,UPL,EQ,760.25,761.95,769.95,756,766,763.65,763.56,3199903,2.44333E+14,67859,1799894,0.5625
16-11-2018,UPL,EQ,763.65,762,774.65,757.85,771.45,771.85,766.87,2174834,1.66782E+14,47260,918345,0.4223
19-11-2018,UPL,EQ,771.85,773,777.75,767.3,775.5,775.2,773.71,2193793,1.69737E+14,40839,1200973,0.5474
20-11-2018,UPL,EQ,775.2,771,772.8,747,760.5,759.2,759.51,3285928,2.49569E+14,58489,1320598,0.4019
21-11-2018,UPL,EQ,759.2,760,784.5,760,781,779.25,775.69,2860585,2.21892E+14,48931,951189,0.3325
22-11-2018,UPL,EQ,779.25,779,784.9,771.6,779,778.3,778.74,1202373,9.36334E+13,39811,215587,0.1793
26-11-2018,UPL,EQ,778.3,778.3,779.95,758,769.9,773.1,768.56,1427107,1.09681E+14,33055,355781,0.2493
27-11-2018,UPL,EQ,773.1,766,773.9,754,765.05,768.55,762.02,2047904,1.56054E+14,34668,1142643,0.558
28-11-2018,UPL,EQ,768.55,766,779.65,765.5,771.85,771.85,773.44,1050205,8.12274E+13,29994,230245,0.2192
29-11-2018,UPL,EQ,771.85,775,789.4,762.05,784.5,779.1,776.75,2804385,2.17831E+14,41030,1798924,0.6415
30-11-2018,UPL,EQ,779.1,780.15,785.5,755.05,759.2,757.8,764.54,2132736,1.63056E+14,62097,1026709,0.4814
03-12-2018,UPL,EQ,757.8,762,762,728.2,736.9,732.6,737.36,2846330,2.09878E+14,55653,1132962,0.398
04-12-2018,UPL,EQ,732.6,732.7,759.5,732.7,751.5,751.45,750.15,2730131,2.04799E+14,67752,583067,0.2136
05-12-2018,UPL,EQ,751.45,749,754,737.2,749.1,749.4,746.95,1270524,9.49018E+13,28046,252247,0.1985
06-12-2018,UPL,EQ,749.4,747,759,736.65,747,746.8,750.32,2036209,1.52782E+14,55404,302765,0.1487
07-12-2018,UPL,EQ,746.8,753.9,763.8,739.45,756.6,757.7,752.84,1457822,1.09751E+14,35029,317787,0.218
10-12-2018,UPL,EQ,757.7,740,758.5,739.95,746,746.55,748.96,1356394,1.01589E+14,40235,452368,0.3335
11-12-2018,UPL,EQ,746.55,740,751,731.2,750,747.95,741.66,1611563,1.19523E+14,41676,520173,0.3228
12-12-2018,UPL,EQ,747.95,750.1,794.3,750.1,785.5,790.05,776.44,2275207,1.76656E+14,60531,609597,0.2679
13-12-2018,UPL,EQ,790.05,789,789,771.2,773,773.45,776.15,1907746,1.48069E+14,67383,414377,0.2172
14-12-2018,UPL,EQ,773.45,770,777,758.85,765.9,764.75,766.15,1586661,1.21562E+14,58796,407498,0.2568
17-12-2018,UPL,EQ,764.75,769.8,772,763,766.15,768.05,767.32,730799,5.60758E+13,20352,129805,0.1776
18-12-2018,UPL,EQ,768.05,762,774.1,741,744.5,743.65,749.88,2006619,1.50471E+14,42645,377500,0.1881
19-12-2018,UPL,EQ,743.65,746.9,760,745,754.35,755.7,754.37,1579478,1.19151E+14,29159,364689,0.2309
20-12-2018,UPL,EQ,755.7,752,774.2,746.85,772,770,762.33,1453122,1.10776E+14,28144,330708,0.2276
21-12-2018,UPL,EQ,770,771.05,773.9,733.05,735,735.65,744.92,3492197,2.6014E+14,70882,1447226,0.4144
24-12-2018,UPL,EQ,735.65,736,747.7,721,738,736.45,737.71,1786546,1.31796E+14,38699,157367,0.0881
26-12-2018,UPL,EQ,736.45,737,751.9,728,750.25,750.2,743.55,1995314,1.48361E+14,43214,271961,0.1363
27-12-2018,UPL,EQ,750.2,756,759,745.25,751.1,749.65,752.31,1167096,8.78023E+13,28129,227653,0.1951
28-12-2018,UPL,EQ,749.65,752.5,771,752.5,758,758.4,764.99,2247517,1.71932E+14,45832,270226,0.1202
31-12-2018,UPL,EQ,758.4,762,766.25,753.45,758.3,758.25,760.62,1499975,1.14091E+14,30088,232124,0.1548
01-01-2019,UPL,EQ,758.25,760,765.7,746.5,752,753.5,756.2,1610248,1.21766E+14,27534,135943,0.0844
02-01-2019,UPL,EQ,753.5,750,758.45,744,755.05,756.5,752.95,1308043,9.84892E+13,30906,289528,0.2213
03-01-2019,UPL,EQ,756.5,755,757.95,744.25,746,746.65,750.64,1053144,7.90534E+13,30328,332551,0.3158
04-01-2019,UPL,EQ,746.65,748.8,759.25,743.1,756,756.4,752.37,1060318,7.9775E+13,33476,325252,0.3067
07-01-2019,UPL,EQ,756.4,760,767.75,759,761.25,763.75,763.57,1589933,1.21403E+14,20427,416800,0.2621
08-01-2019,UPL,EQ,763.75,763.5,765,748,751,752.2,753.06,981440,7.39081E+13,32944,261159,0.2661
09-01-2019,UPL,EQ,752.2,758,767,753.45,765,764.8,761.03,1039851,7.91361E+13,28157,219330,0.2109
10-01-2019,UPL,EQ,764.8,765.8,780,765.05,771,773.1,774.62,2401210,1.86004E+14,52531,501062,0.2087
11-01-2019,UPL,EQ,773.1,775,787,773,781.6,783.45,782.35,2603033,2.03648E+14,57118,749815,0.2881
14-01-2019,UPL,EQ,783.45,784,784,766.9,769,770.4,773.84,1392118,1.07727E+14,26743,471758,0.3389
15-01-2019,UPL,EQ,770.4,772.6,782.1,771.95,775.45,775.95,776.71,1364863,1.0601E+14,29655,597968,0.4381
16-01-2019,UPL,EQ,775.95,775.95,775.95,752.6,764.85,766.1,761.97,2584090,1.969E+14,52640,796585,0.3083
17-01-2019,UPL,EQ,766.1,767.65,773.55,761.75,766.5,769.05,767.81,1442884,1.10786E+14,43635,622836,0.4317
18-01-2019,UPL,EQ,769.05,768,771,764,765.8,766.05,766.72,919475,7.04984E+13,27909,382488,0.416
21-01-2019,UPL,EQ,766.05,765,772.85,756.2,766.9,769.15,766.21,1127435,8.63849E+13,39956,458636,0.4068
22-01-2019,UPL,EQ,769.15,766.2,772.05,753.45,763.1,763.3,763.15,1416981,1.08137E+14,39496,686850,0.4847
23-01-2019,UPL,EQ,763.3,764,782.15,759.85,762.85,762.85,772.64,2336913,1.8056E+14,48466,735642,0.3148
24-01-2019,UPL,EQ,762.85,765,767.35,742.95,748,747.35,750.13,2109205,1.58218E+14,47344,990904,0.4698
25-01-2019,UPL,EQ,747.35,753,767.1,747,755,753.1,759.09,1770239,1.34378E+14,41338,559449,0.316
28-01-2019,UPL,EQ,753.1,755,764,744,759.2,760.05,755.7,1226284,9.26703E+13,32739,452354,0.3689
29-01-2019,UPL,EQ,760.05,757.5,767.45,747.05,762.4,760.3,753.9,1134462,8.55267E+13,24547,462701,0.4079
30-01-2019,UPL,EQ,760.3,763.1,770,755.3,770,767.35,764.46,1057185,8.08181E+13,29888,383893,0.3631
31-01-2019,UPL,EQ,767.35,775.7,789.9,764.2,785,786.5,779.36,2299676,1.79228E+14,55558,591764,0.2573
01-02-2019,UPL,EQ,786.5,799.75,799.75,766.4,775.85,779.85,783.15,2960388,2.31844E+14,53453,622495,0.2103
04-02-2019,UPL,EQ,779.85,771.25,775.05,758,769.5,770.9,766.1,1254011,9.60698E+13,26647,417728,0.3331
05-02-2019,UPL,EQ,770.9,772.85,800,772.85,798.8,795.95,787.36,2516447,1.98135E+14,50996,544863,0.2165
06-02-2019,UPL,EQ,795.95,802,810,796.25,805.25,805.25,802.69,3747561,3.00811E+14,80580,1144691,0.3054
07-02-2019,UPL,EQ,805.25,805.25,817.5,802.3,804.15,809,810.19,1667638,1.35111E+14,28708,484507,0.2905
08-02-2019,UPL,EQ,809,804.5,816.8,800.6,811.25,812.2,809.66,1395055,1.12952E+14,36711,497620,0.3567
11-02-2019,UPL,EQ,812.2,812,815,801.45,804,805.85,808.59,1159530,9.37587E+13,23569,288527,0.2488
12-02-2019,UPL,EQ,805.85,807,812.5,791.65,792,796.2,802.66,2037705,1.63558E+14,42233,1076361,0.5282
13-02-2019,UPL,EQ,796.2,794,824,792.35,814.5,817.2,814.27,3034355,2.47079E+14,57554,827894,0.2728
14-02-2019,UPL,EQ,817.2,814.3,824.5,811.65,819.45,821.05,819.6,1743651,1.4291E+14,51392,813692,0.4667
15-02-2019,UPL,EQ,821.05,819,821,806.2,818.35,818.35,813.5,1867644,1.51932E+14,25739,859303,0.4601
18-02-2019,UPL,EQ,818.35,819.25,830,806.05,822,821.85,816.41,1903564,1.55409E+14,36698,753014,0.3956
19-02-2019,UPL,EQ,821.85,821,824.45,812,817.5,816.45,818.93,1485171,1.21625E+14,23556,637698,0.4294
20-02-2019,UPL,EQ,816.45,819.3,829,813.8,826,822.75,818.19,1495943,1.22397E+14,31171,740996,0.4953
21-02-2019,UPL,EQ,822.75,825,832.7,818,824,826.25,824.08,1044953,8.61127E+13,28681,316718,0.3031
22-02-2019,UPL,EQ,826.25,825.9,829.9,819.3,827.35,827.35,824.76,828622,6.83415E+13,14892,202861,0.2448
25-02-2019,UPL,EQ,827.35,828,851.9,828,847.65,847.65,845.08,3685601,3.11464E+14,73871,944842,0.2564
26-02-2019,UPL,EQ,847.65,842.25,857.75,837.55,856.85,855.05,850.51,2500705,2.12688E+14,38397,820445,0.3281
27-02-2019,UPL,EQ,855.05,856.85,871.9,856.85,865,869.3,865.85,3139617,2.71845E+14,61192,1251166,0.3985
28-02-2019,UPL,EQ,869.3,877,881.6,862.2,878,877.6,872.93,2485884,2.16999E+14,69350,728682,0.2931
01-03-2019,UPL,EQ,877.6,876.1,881.9,868.15,870.6,869.75,874.2,1659613,1.45083E+14,53733,623216,0.3755
05-03-2019,UPL,EQ,869.75,872.8,878.5,865.55,875.6,875.5,872.65,1365302,1.19143E+14,66095,582127,0.4264
06-03-2019,UPL,EQ,875.5,879,884.6,866.7,875.5,877.35,876.38,2096752,1.83756E+14,51508,1114256,0.5314
07-03-2019,UPL,EQ,877.35,877,877,867.25,871.4,872.05,871.84,1304920,1.13768E+14,35502,704797,0.5401
08-03-2019,UPL,EQ,872.05,871.3,885,863.55,884.6,881.75,872.64,1780245,1.55351E+14,41746,810209,0.4551
11-03-2019,UPL,EQ,881.75,889.45,899.45,887.6,897.45,896.7,895.24,2575062,2.3053E+14,68824,1143542,0.4441
12-03-2019,UPL,EQ,896.7,900,906.9,893.65,898,898.3,899.58,2202033,1.9809E+14,78166,1182204,0.5369
13-03-2019,UPL,EQ,898.3,900,914.9,892,914.3,911.2,902.09,1607325,1.44995E+14,44715,759350,0.4724
14-03-2019,UPL,EQ,911.2,911.2,916.25,900.3,902.8,903.75,906.21,1367655,1.23939E+14,50178,593310,0.4338
15-03-2019,UPL,EQ,903.75,904,928.4,902.4,924.1,923.45,920.45,2609765,2.40216E+14,50830,1124881,0.431
18-03-2019,UPL,EQ,923.45,923.5,935.95,916.8,929,927.1,925.26,1280561,1.18485E+14,32606,365333,0.2853
19-03-2019,UPL,EQ,927.1,929,935,918.35,934,931.3,925.52,1133020,1.04864E+14,24129,474996,0.4192
20-03-2019,UPL,EQ,931.3,930,939.8,927.1,933.9,935.4,934.61,900335,8.41461E+13,32327,191842,0.2131
22-03-2019,UPL,EQ,935.4,933.9,941,927.25,933.55,934.95,934.6,1339685,1.25207E+14,49301,562966,0.4202
25-03-2019,UPL,EQ,934.95,930,931.7,905.8,913.85,912.7,915.22,2309109,2.11334E+14,51290,1260991,0.5461
26-03-2019,UPL,EQ,912.7,910.55,917.3,891.1,902.95,903.3,900.18,3647229,3.28315E+14,52037,1765320,0.484
27-03-2019,UPL,EQ,903.3,903.35,911.95,894.55,900,901.9,903.91,2085332,1.88495E+14,48249,864308,0.4145
28-03-2019,UPL,EQ,901.9,905.9,935.95,896.4,934,929.05,917.65,2452629,2.25066E+14,58132,1125922,0.4591
29-03-2019,UPL,EQ,929.05,930.1,962.9,926.05,958,958.85,945.81,2110469,1.9961E+14,52810,671586,0.3182
01-04-2019,UPL,EQ,958.85,958,962,931,932,934.3,944.53,1436157,1.3565E+14,62617,555633,0.3869
02-04-2019,UPL,EQ,934.3,940,940,915.5,926.85,927.1,926.33,1940263,1.79732E+14,67221,919734,0.474
03-04-2019,UPL,EQ,927.1,928,936.9,918.75,924,924.25,929.75,1614049,1.50066E+14,49870,694523,0.4303
04-04-2019,UPL,EQ,924.25,920.6,935.3,901,933,931.5,916.91,2377767,2.1802E+14,54298,849606,0.3573
05-04-2019,UPL,EQ,931.5,935,942.4,928.8,941.35,941,937.39,1054122,9.88123E+13,26497,289538,0.2747
08-04-2019,UPL,EQ,941,938,950.9,933.65,944.05,946.8,944.23,1892458,1.78691E+14,35353,685186,0.3621
09-04-2019,UPL,EQ,946.8,943.5,945.85,930,940.7,944.65,940.05,1300087,1.22215E+14,32829,573522,0.4411
10-04-2019,UPL,EQ,944.65,938,945.5,923.4,923.7,925.95,932.12,1540216,1.43567E+14,43478,776898,0.5044
11-04-2019,UPL,EQ,925.95,925.8,930.7,918.25,922,922.55,923.84,1434794,1.32552E+14,27707,831791,0.5797
12-04-2019,UPL,EQ,922.55,922.45,929.75,911,925.1,925.8,918.2,1151008,1.05685E+14,26536,499581,0.434
15-04-2019,UPL,EQ,925.8,927,931.8,916.8,930,929.75,926.03,634532,5.87598E+13,14467,186024,0.2932
16-04-2019,UPL,EQ,929.75,935,939.6,925.65,931.5,933.9,932.81,1108757,1.03426E+14,36835,516979,0.4663
18-04-2019,UPL,EQ,933.9,935.05,938.95,926.1,932.5,934.05,932.59,915911,8.54171E+13,24419,339358,0.3705
22-04-2019,UPL,EQ,934.05,931.1,942.35,922.95,936,937.3,935.77,981962,9.18892E+13,22770,293952,0.2994
23-04-2019,UPL,EQ,937.3,937.3,945,929.7,942.25,942.75,939.2,1381405,1.29741E+14,32350,606548,0.4391
24-04-2019,UPL,EQ,942.75,942.75,951,941.1,950,948.2,946.84,1554387,1.47176E+14,55696,749370,0.4821
25-04-2019,UPL,EQ,948.2,950.5,973.9,946,969.75,965.1,964.71,3417287,3.29669E+14,59344,1424679,0.4169
26-04-2019,UPL,EQ,965.1,970.55,972.7,958.55,968.05,970.35,965.98,1254591,1.21191E+14,38539,640402,0.5104
30-04-2019,UPL,EQ,970.35,970.35,975.25,959.65,968.55,969.15,968.37,1876948,1.81758E+14,36259,1171542,0.6242
02-05-2019,UPL,EQ,969.15,967,973,955.05,966,963.9,963.46,1081955,1.04242E+14,36393,547811,0.5063
03-05-2019,UPL,EQ,963.9,961.2,974,959.05,967.65,970.35,968.69,1284695,1.24447E+14,24940,735406,0.5724
06-05-2019,UPL,EQ,970.35,965.75,965.75,938.55,950,949.8,945.79,3209489,3.03549E+14,59338,2077829,0.6474
07-05-2019,UPL,EQ,949.8,950.1,955.05,934.05,953.7,951.15,944.24,2112971,1.99515E+14,65724,946174,0.4478
08-05-2019,UPL,EQ,951.15,953,968.4,945.4,962,961.65,960.12,2384763,2.28965E+14,51692,1086351,0.4555
09-05-2019,UPL,EQ,961.65,961.6,961.6,942.8,950,948.9,949.45,1869690,1.77518E+14,50682,1042589,0.5576
10-05-2019,UPL,EQ,948.9,951,962.95,947,955.5,959,957.47,876783,8.39496E+13,20905,288915,0.3295
13-05-2019,UPL,EQ,959,955,961.6,948,953.2,953.15,954.38,860014,8.2078E+13,21382,377308,0.4387
14-05-2019,UPL,EQ,953.15,953.2,958.05,938.7,955.1,955.1,949.27,1159391,1.10057E+14,36907,343933,0.2966
15-05-2019,UPL,EQ,955.1,955,977.9,954.9,970,969.5,970.48,2328984,2.26023E+14,74425,717544,0.3081
16-05-2019,UPL,EQ,969.5,969.5,982.95,957.15,971,970.85,970.12,2322742,2.25334E+14,58145,1119567,0.482
17-05-2019,UPL,EQ,970.85,970.85,992.95,958.35,972,970.65,975.66,4507521,4.39779E+14,84519,1643640,0.3646
20-05-2019,UPL,EQ,970.65,980.35,1023,965.35,1023,1018.85,995.26,2757852,2.74479E+14,54354,884971,0.3209
21-05-2019,UPL,EQ,1018.85,1018,1043.6,996.8,999,999.85,1019.86,2636501,2.68886E+14,67505,1254829,0.4759
22-05-2019,UPL,EQ,999.85,1000,1018.95,991.35,1012,1014.65,1011.58,1605787,1.62438E+14,40114,746637,0.465
23-05-2019,UPL,EQ,1014.65,1025,1036.7,1005.25,1012,1012.2,1016.57,1177490,1.197E+14,32502,555741,0.472
24-05-2019,UPL,EQ,1012.2,1015,1024.4,1012.45,1023.75,1020.85,1019.36,1140646,1.16273E+14,32769,703038,0.6164
27-05-2019,UPL,EQ,1020.85,1025,1043.75,1017.25,1027.5,1024.45,1031.96,1175219,1.21278E+14,31519,321927,0.2739
28-05-2019,UPL,EQ,1024.45,1023,1040,1011.9,1014,1015.55,1021.55,2088317,2.13331E+14,75201,1230836,0.5894
29-05-2019,UPL,EQ,1015.55,1014,1014,991.5,995,997,996.5,1643240,1.63748E+14,37106,799699,0.4867
30-05-2019,UPL,EQ,997,992.3,1013.8,987.2,1003.15,1005.85,1007.05,2430852,2.44799E+14,41133,1535993,0.6319
31-05-2019,UPL,EQ,1005.85,1006,1016.45,992.5,995,998.95,1000.95,1586324,1.58783E+14,47327,921603,0.581
03-06-2019,UPL,EQ,998.95,1005,1010.85,993.6,1006.05,1007.1,1002.89,1116588,1.11982E+14,38113,680261,0.6092
04-06-2019,UPL,EQ,1007.1,1005.6,1022.85,1001.75,1011,1010.95,1011.29,1137729,1.15058E+14,49034,689182,0.6058
06-06-2019,UPL,EQ,1010.95,1014,1018,996.85,1014.95,1012.2,1008.87,1603855,1.61808E+14,50778,1048446,0.6537
07-06-2019,UPL,EQ,1012.2,1014.95,1022.95,1004.8,1020,1019.45,1015.3,1202622,1.22103E+14,28605,627112,0.5215
10-06-2019,UPL,EQ,1019.45,1021,1026.65,1003.65,1018,1016.4,1014.91,1504225,1.52666E+14,38011,860318,0.5719
11-06-2019,UPL,EQ,1016.4,1019,1037,1009.45,1030.25,1034.5,1031.49,1397771,1.44179E+14,43037,444148,0.3178
12-06-2019,UPL,EQ,1034.5,1030.25,1040,1013.2,1020,1020.75,1023.23,1063652,1.08836E+14,31831,339061,0.3188
13-06-2019,UPL,EQ,1020.75,1019.5,1021,983.5,1003.35,1005,1001.27,2542549,2.54579E+14,53264,1176326,0.4627
14-06-2019,UPL,EQ,1005,1005,1014.5,996.45,1005,1006,1004.99,1044308,1.04952E+14,25685,434154,0.4157
17-06-2019,UPL,EQ,1006,1007.5,1013.8,991,993,994.95,1004.34,1437711,1.44395E+14,41500,770971,0.4864
18-06-2019,UPL,EQ,994.95,994,1003.5,988,998,999.7,996.82,1125228,1.12165E+14,56446,504913,0.4394
19-06-2019,UPL,EQ,999.7,1003,1005.85,936.9,953,950.3,966.32,2657234,2.56775E+14,57029,819373,0.3084
20-06-2019,UPL,EQ,950.3,940.55,940.55,833,870,870.25,871.49,12905733,1.12472E+15,275204,2360792,0.1829
21-06-2019,UPL,EQ,870.25,876,914.75,868.15,889.4,890.1,895.76,12447297,1.11498E+15,223660,3222130,0.2589
24-06-2019,UPL,EQ,890.1,903.4,941.6,895.2,938,936.55,922.11,6506356,5.99955E+14,119004,1592195,0.2447
25-06-2019,UPL,EQ,936.55,933.9,939.8,910.45,931.1,934.95,928.44,5140843,4.77294E+14,98281,1102012,0.2144
26-06-2019,UPL,EQ,934.95,931,963.8,922.1,957,958.45,945.68,3365399,3.18259E+14,68986,370607,0.1101
27-06-2019,UPL,EQ,958.45,952.15,961.8,937.15,942.95,943.5,945.9,5241680,4.95811E+14,88025,2242293,0.4278
28-06-2019,UPL,EQ,943.5,946,951,918.65,941,937.45,933.67,3292847,3.07444E+14,90441,815466,0.2476
01-07-2019,UPL,EQ,937.45,945,957,935.55,944.15,948.2,947.9,2692425,2.55214E+14,51712,747813,0.2777
02-07-2019,UPL,EQ,948.2,637.4,658.9,625.05,655.85,656.15,649.1,6615515,4.29416E+14,105528,1445318,0.2185
03-07-2019,UPL,EQ,656.15,658.5,662.65,648.1,651,651.8,653.41,2997163,1.95837E+14,52517,870043,0.2903
04-07-2019,UPL,EQ,651.8,654.85,705.95,652.9,696.55,698.35,688.04,12488054,8.59225E+14,177442,1802461,0.1443
05-07-2019,UPL,EQ,698.35,706.9,709.05,660.8,667,665.8,685.93,12058104,8.27101E+14,213146,2075939,0.1722
08-07-2019,UPL,EQ,665.8,669.95,673.5,653,660.1,662.1,664.46,4403598,2.92601E+14,76709,465288,0.1057
09-07-2019,UPL,EQ,662.1,660,660,632.25,638.6,640.05,640.62,7434335,4.76258E+14,109903,2358471,0.3172
10-07-2019,UPL,EQ,640.05,635,646.65,627.3,637,634.85,635.09,4906675,3.1162E+14,95856,1654617,0.3372
11-07-2019,UPL,EQ,634.85,641.1,649,629.05,631.45,631.25,636.62,2705479,1.72237E+14,60110,580449,0.2145
12-07-2019,UPL,EQ,631.25,632,646.9,627,630.8,630.05,639.5,4796783,3.06753E+14,86499,1035179,0.2158
15-07-2019,UPL,EQ,630.05,634,650,621.5,648,647.4,635.79,4505796,2.86475E+14,92266,930960,0.2066
16-07-2019,UPL,EQ,647.4,642.5,645.75,630.35,643,641.9,639.13,3830334,2.44809E+14,70773,1165443,0.3043
17-07-2019,UPL,EQ,641.9,644,664.95,643.7,658,659.75,659.46,4855881,3.20224E+14,114603,825923,0.1701
18-07-2019,UPL,EQ,659.75,658,670.95,647.4,655,654.75,661.08,4968435,3.28454E+14,85819,1492959,0.3005
19-07-2019,UPL,EQ,654.75,655.1,664.15,630.5,646.5,643.45,644.86,3836625,2.47407E+14,92658,1366905,0.3563
22-07-2019,UPL,EQ,643.45,647,647,634.65,637.7,638.85,640.41,2261563,1.44834E+14,38855,849984,0.3758
23-07-2019,UPL,EQ,638.85,642.6,654.8,641,645.95,645.15,647.37,2462809,1.59436E+14,63136,784671,0.3186
24-07-2019,UPL,EQ,645.15,645.95,649,608.65,610,617.05,628.75,3341555,2.10101E+14,60306,1471159,0.4403
25-07-2019,UPL,EQ,617.05,618,624.45,601.4,606.85,604.35,612.8,4049926,2.48178E+14,74052,1466514,0.3621
26-07-2019,UPL,EQ,604.35,607,610.45,589,601,601.55,601.02,6739394,4.0505E+14,78239,3115304,0.4623
29-07-2019,UPL,EQ,601.55,600,604.75,580.5,585,584.55,590.43,2606057,1.53871E+14,54641,740142,0.284
30-07-2019,UPL,EQ,584.55,589.35,593.25,568.95,577,573.7,581.46,3709631,2.157E+14,62375,1343946,0.3623
31-07-2019,UPL,EQ,573.7,573.2,598.1,571.4,594.2,595.25,586.88,3530131,2.07176E+14,71788,859619,0.2435
01-08-2019,UPL,EQ,595.25,574.9,592.95,560.6,580.5,576.8,575.91,15112906,8.70367E+14,284578,4487891,0.297
02-08-2019,UPL,EQ,576.8,578,579,567.75,573.55,573.5,574.35,4635838,2.66258E+14,91513,2219388,0.4787
05-08-2019,UPL,EQ,573.5,568.2,568.95,535.45,539.9,540.95,553.44,6014276,3.32853E+14,93868,2860155,0.4756
06-08-2019,UPL,EQ,540.95,537.95,552.95,533.05,548.95,549.35,545.93,4148711,2.2649E+14,65488,1691529,0.4077
07-08-2019,UPL,EQ,549.35,549,551.5,528,530.45,532.8,541.95,3675109,1.99174E+14,99990,1566390,0.4262
08-08-2019,UPL,EQ,532.8,533.4,542.25,515.35,533.6,532.85,527.28,3881771,2.04677E+14,86029,1084912,0.2795
09-08-2019,UPL,EQ,532.85,534.25,550,529.2,532.2,533.45,541.84,4917555,2.66455E+14,85158,1400661,0.2848
13-08-2019,UPL,EQ,533.45,532,542.75,497.85,506.8,503.1,517.49,4193917,2.17029E+14,69461,1245183,0.2969
14-08-2019,UPL,EQ,503.1,510,532.7,509.65,526.9,527.2,523.6,5344625,2.79845E+14,94234,1517156,0.2839
16-08-2019,UPL,EQ,527.2,526.9,553.25,522.05,551,549.05,543.86,8856958,4.81698E+14,158225,2816848,0.318
19-08-2019,UPL,EQ,549.05,553,556.8,532.25,542,542.05,542.94,4932998,2.67832E+14,69933,1483835,0.3008
20-08-2019,UPL,EQ,542.05,540,545,535,542.45,539.9,540.16,3581202,1.93444E+14,68877,1584385,0.4424
21-08-2019,UPL,EQ,539.9,540,542.75,527.5,534,535.9,533.58,2780039,1.48339E+14,63479,975594,0.3509
22-08-2019,UPL,EQ,535.9,535,552.65,507.85,518,518.05,524.2,6205902,3.25314E+14,101830,1298536,0.2092
23-08-2019,UPL,EQ,518.05,518,550.35,514.05,550.05,547.25,536.95,4297069,2.30729E+14,86192,651241,0.1516
26-08-2019,UPL,EQ,547.25,551,560.8,537.1,547,549.8,546.38,3787015,2.06914E+14,82217,720857,0.1903
27-08-2019,UPL,EQ,549.8,553.75,573.15,552.85,557.5,556,563.05,6063055,3.41382E+14,117154,2039300,0.3363
28-08-2019,UPL,EQ,556,559,571.5,546.15,558,557,559.05,3747446,2.095E+14,67744,665977,0.1777
29-08-2019,UPL,EQ,557,558,562.65,550.2,558.4,558.35,557.19,2733962,1.52334E+14,69111,1054334,0.3856
30-08-2019,UPL,EQ,558.35,559,565.25,547.15,563,563.2,557.36,3216244,1.79259E+14,70203,886172,0.2755
03-09-2019,UPL,EQ,563.2,559.95,570.45,549,550.05,553.35,560.93,3021248,1.69471E+14,51338,866770,0.2869
04-09-2019,UPL,EQ,553.35,555,563,547.55,562.85,561.05,557.15,2442694,1.36094E+14,48751,511039,0.2092
05-09-2019,UPL,EQ,561.05,558.3,573.9,558.3,570,569.65,568.8,2437099,1.38623E+14,57656,578767,0.2375
06-09-2019,UPL,EQ,569.65,573.75,573.75,563.1,565.55,567.95,568.1,2101090,1.19362E+14,41002,572201,0.2723
09-09-2019,UPL,EQ,567.95,564.4,590.6,564.3,589.8,587.45,582.73,4813239,2.80481E+14,74692,629731,0.1308
11-09-2019,UPL,EQ,587.45,585,590.5,575.5,577.35,577.7,580.22,5104552,2.96177E+14,68650,3035796,0.5947
12-09-2019,UPL,EQ,577.7,581.8,585.9,565.1,566.5,567.3,576.21,2118984,1.22098E+14,32561,323578,0.1527
13-09-2019,UPL,EQ,567.3,570,580,559.35,576.35,578.15,568.07,2636025,1.49746E+14,55790,489511,0.1857
16-09-2019,UPL,EQ,578.15,570,575,561.1,564.3,564.1,567.07,2148620,1.21842E+14,55059,450680,0.2098
17-09-2019,UPL,EQ,564.1,569.1,571.5,560.8,562.9,563.3,566.19,2829239,1.60189E+14,51807,864294,0.3055
18-09-2019,UPL,EQ,563.3,565,565,542.75,559.55,557.05,553.27,3855762,2.13329E+14,71784,505143,0.131
19-09-2019,UPL,EQ,557.05,555.5,566.4,549.2,560,562.05,554.74,1832868,1.01676E+14,40113,291905,0.1593
20-09-2019,UPL,EQ,562.05,564.7,585,555.05,564,562.1,568.43,5023091,2.85528E+14,92560,1812995,0.3609
23-09-2019,UPL,EQ,562.1,568.95,596.4,564.6,581.9,580.85,583.73,3697264,2.1582E+14,69185,682303,0.1845
24-09-2019,UPL,EQ,580.85,580.85,584.65,572.2,579.45,579.4,577.06,2552214,1.47277E+14,63413,1058612,0.4148
25-09-2019,UPL,EQ,579.4,575.3,578.9,572,576.4,576.75,575.79,1911916,1.10087E+14,38756,861248,0.4505
26-09-2019,UPL,EQ,576.75,576.8,595,576,582.8,583.6,586.47,3330782,1.95341E+14,76139,663628,0.1992
27-09-2019,UPL,EQ,583.6,584.5,588.15,573.5,582,582.05,581.39,1561920,9.0808E+13,42148,430918,0.2759
30-09-2019,UPL,EQ,582.05,582,607.8,578.05,601.25,603.95,595.81,3914781,2.33245E+14,82419,1030271,0.2632
01-10-2019,UPL,EQ,603.95,609.95,614.35,584.5,594.25,594.95,602.35,4548803,2.73998E+14,75427,987075,0.217
03-10-2019,UPL,EQ,594.95,590,598.5,572.25,595.35,594.4,591.64,1610688,9.52946E+13,53493,494064,0.3067
04-10-2019,UPL,EQ,594.4,598.9,604.95,580.35,581.45,582.55,592.91,3019366,1.79022E+14,56559,906713,0.3003
07-10-2019,UPL,EQ,582.55,583,592.65,576.5,580,581.05,584.04,1808468,1.05622E+14,27965,535748,0.2962
09-10-2019,UPL,EQ,581.05,581,584.6,573.75,580.8,581.7,579.67,1743937,1.01091E+14,32629,568334,0.3259
10-10-2019,UPL,EQ,581.7,578,588.8,574.7,582,583.45,582.31,1789997,1.04233E+14,30883,576909,0.3223
11-10-2019,UPL,EQ,583.45,584.2,593.2,581,587.8,589.85,588.92,1710191,1.00717E+14,29079,382439,0.2236
14-10-2019,UPL,EQ,589.85,583,589.65,568.1,584.5,586.65,581.31,3373152,1.96085E+14,48694,636684,0.1888
15-10-2019,UPL,EQ,586.65,585,591,580.8,583.2,583.1,585.92,2213363,1.29686E+14,40294,956157,0.432
16-10-2019,UPL,EQ,583.1,586.8,592,580,588.95,588.75,585.03,1733497,1.01414E+14,42362,562319,0.3244
17-10-2019,UPL,EQ,588.75,585,593.7,580.35,590.6,591.95,587.83,2290127,1.34622E+14,54944,919044,0.4013
18-10-2019,UPL,EQ,591.95,591,603.5,588.5,598,599,597.35,2426210,1.44929E+14,42612,703570,0.29
22-10-2019,UPL,EQ,599,599,603.9,592.95,597,597,599.01,2264692,1.35657E+14,46921,1106293,0.4885
23-10-2019,UPL,EQ,597,598.3,600.9,591.1,597.85,597,597.24,1544878,9.22664E+13,35528,819852,0.5307
24-10-2019,UPL,EQ,597,600,606.5,595.1,599.5,597.7,600.52,2250928,1.35172E+14,35730,1017270,0.4519
25-10-2019,UPL,EQ,597.7,601.45,601.95,589.9,594,594.6,594.63,2174674,1.29313E+14,35000,1018735,0.4685
27-10-2019,UPL,EQ,594.6,595,598.45,592,593,596.1,596.17,109875,6.55047E+12,2297,43657,0.3973
29-10-2019,UPL,EQ,596.1,596,600,591.5,594.75,594.9,596.02,1791840,1.06797E+14,63241,1022882,0.5709
30-10-2019,UPL,EQ,594.9,599.8,599.8,580.1,584.2,584.15,587.13,2393149,1.40508E+14,64639,765473,0.3199
31-10-2019,UPL,EQ,584.15,586,599,578.1,598.45,596.45,590.52,2419308,1.42865E+14,44160,1111037,0.4592
01-11-2019,UPL,EQ,596.45,599.55,600.8,586,587,588.55,594.15,1393105,8.27719E+13,28427,322882,0.2318
04-11-2019,UPL,EQ,588.55,590,600.95,587.2,595,594.25,595.02,1912912,1.13822E+14,30839,625524,0.327
05-11-2019,UPL,EQ,594.25,596.45,617.75,590,607.6,605.65,608.84,5995240,3.65015E+14,85845,1526450,0.2546
06-11-2019,UPL,EQ,605.65,611,615,603.85,606.8,606.6,609.62,2513814,1.53246E+14,42889,447720,0.1781
07-11-2019,UPL,EQ,606.6,612,612,557.1,559.05,577.7,586.63,4504826,2.64265E+14,69205,1120043,0.2486
08-11-2019,UPL,EQ,577.7,563.6,574.5,552.55,556,555.85,562.16,8050823,4.52584E+14,125942,1257172,0.1562
11-11-2019,UPL,EQ,555.85,555,561,541.25,551,548.85,550.12,3188430,1.75401E+14,47177,612730,0.1922
13-11-2019,UPL,EQ,548.85,551,553.75,538.5,541,541.3,544.57,2509847,1.36679E+14,58672,696858,0.2776
14-11-2019,UPL,EQ,541.3,541.55,544.2,531.1,535.15,535.55,537.03,2412598,1.29564E+14,55263,719442,0.2982
15-11-2019,UPL,EQ,535.55,539,541.75,518.35,529.9,530.3,528.81,4164016,2.20197E+14,65174,1179424,0.2832
18-11-2019,UPL,EQ,530.3,530.15,551.45,527.5,550,549,542.25,5257399,2.85082E+14,73718,1691918,0.3218
19-11-2019,UPL,EQ,549,551,556.75,538.1,550.2,551.25,546.97,4602774,2.51758E+14,69412,1635587,0.3553
20-11-2019,UPL,EQ,551.25,552.9,556.5,546.4,552.9,552.85,552.3,1835821,1.01392E+14,26710,381543,0.2078
21-11-2019,UPL,EQ,552.85,553.2,559.8,542,542.55,544.8,552,2177445,1.20196E+14,46096,432979,0.1988
22-11-2019,UPL,EQ,544.8,541,542.5,530.5,533.3,533.5,535.4,2553689,1.36726E+14,40710,1119126,0.4382
25-11-2019,UPL,EQ,533.5,534,547.75,534,544.5,544.5,542.95,2853307,1.5492E+14,44724,1033542,0.3622
26-11-2019,UPL,EQ,544.5,543.6,551.9,538.55,544.1,541.7,543.41,4319616,2.34733E+14,61009,2580486,0.5974
27-11-2019,UPL,EQ,541.7,544.2,554.9,544.2,553,551.85,549.81,3722294,2.04657E+14,50902,1901743,0.5109
28-11-2019,UPL,EQ,551.85,554.8,582.8,554.05,582,579.9,572.26,7529348,4.30873E+14,116319,1951335,0.2592
29-11-2019,UPL,EQ,579.9,577.25,582.8,571.4,572.55,573.25,575.95,1835816,1.05734E+14,28850,441601,0.2405
02-12-2019,UPL,EQ,573.25,582.95,582.95,566.05,570.7,570.25,570.24,2224559,1.26852E+14,34312,1294511,0.5819
03-12-2019,UPL,EQ,570.25,570.2,573.45,562.4,568.8,569.5,568.11,2108231,1.1977E+14,30639,957219,0.454
04-12-2019,UPL,EQ,569.5,568.9,574.8,562.45,570,570.25,569.31,2149586,1.22377E+14,44960,767457,0.357
05-12-2019,UPL,EQ,570.25,571.95,574.8,565,569.6,568.55,569.08,1408785,8.01711E+13,23970,727355,0.5163
06-12-2019,UPL,EQ,568.55,570.9,570.9,558.15,563,561.7,561.74,2316037,1.30102E+14,53357,863327,0.3728
09-12-2019,UPL,EQ,561.7,565,574.5,560.4,562.75,563.55,567.65,1815303,1.03045E+14,28978,600909,0.331
10-12-2019,UPL,EQ,563.55,565.3,572.7,553.6,559.5,557.75,566.86,2347290,1.33059E+14,55141,568402,0.2422
11-12-2019,UPL,EQ,557.75,557,563.75,551.7,560.8,561.05,556.92,1706296,9.50271E+13,51529,610816,0.358
12-12-2019,UPL,EQ,561.05,562.55,581,561.1,569.65,569.95,574.84,3672353,2.11102E+14,54867,730514,0.1989
13-12-2019,UPL,EQ,569.95,573.45,578.1,563.5,564,565,567.64,1888212,1.07183E+14,32584,721803,0.3823
16-12-2019,UPL,EQ,565,572,573.4,562.1,562.5,563.7,566.52,1875145,1.06231E+14,35375,657667,0.3507
17-12-2019,UPL,EQ,563.7,564.05,568.2,556,567,564.1,560.74,1794161,1.00606E+14,38063,670811,0.3739
18-12-2019,UPL,EQ,564.1,565.5,571.8,559.35,565.6,566.25,565.26,1833572,1.03644E+14,35361,511090,0.2787
19-12-2019,UPL,EQ,566.25,565.6,573,561.6,562.1,562.75,566.31,1381005,7.82077E+13,26287,330515,0.2393
20-12-2019,UPL,EQ,562.75,566,580.9,559.1,580,578.15,571.01,2631973,1.50288E+14,59334,1042291,0.396
23-12-2019,UPL,EQ,578.15,579.95,596.2,573.85,576.75,577.65,587.04,5469024,3.21054E+14,72037,597433,0.1092
24-12-2019,UPL,EQ,577.65,577.65,582.45,567.3,570.05,569.15,573.32,2277180,1.30555E+14,32499,522584,0.2295
26-12-2019,UPL,EQ,569.15,572.7,577,566.25,568.55,569.45,570.82,2179063,1.24386E+14,27128,209744,0.0963
27-12-2019,UPL,EQ,569.45,572.35,581.85,568.65,580.5,580.25,577.71,1748259,1.00999E+14,28436,314214,0.1797
30-12-2019,UPL,EQ,580.25,582.95,592,578.45,590.8,589.35,584.98,1557550,9.11132E+13,28614,380863,0.2445
31-12-2019,UPL,EQ,589.35,590.2,591.7,583,584,584.5,585.51,1374096,8.0455E+13,22196,387770,0.2822
01-01-2020,UPL,EQ,584.5,585,589.5,580.7,589,588.25,585.76,720807,4.2222E+13,10631,103653,0.1438
02-01-2020,UPL,EQ,588.25,589.5,597.2,584.2,595,595.45,592.92,1388201,8.23092E+13,28402,408803,0.2945
03-01-2020,UPL,EQ,595.45,591.5,594.2,587.3,591.4,590.75,590.82,1063950,6.28608E+13,25690,469433,0.4412
06-01-2020,UPL,EQ,590.75,589,589,579,583.45,584.95,583.91,1218216,7.11326E+13,27212,472989,0.3883
07-01-2020,UPL,EQ,584.95,584.95,604,583.05,595,595.05,597.23,4247207,2.53658E+14,48776,498229,0.1173
08-01-2020,UPL,EQ,595.05,585.75,603,584.6,601,600.85,594.8,2090846,1.24364E+14,37085,563726,0.2696
09-01-2020,UPL,EQ,600.85,602,614.9,598.25,604.55,604.55,606.79,2795225,1.69611E+14,43182,783655,0.2804
10-01-2020,UPL,EQ,604.55,607,608.5,595.05,602.9,600.3,601.46,1921690,1.15582E+14,26710,722423,0.3759
13-01-2020,UPL,EQ,600.3,604,605.75,590,593.2,591.95,594.76,2174995,1.2936E+14,31145,930907,0.428
14-01-2020,UPL,EQ,591.95,593.2,594.9,579.2,585.2,583.55,585.3,2911749,1.70424E+14,57129,1506322,0.5173
15-01-2020,UPL,EQ,583.55,584,589.5,573.8,585.45,585.8,581.18,3419279,1.98722E+14,41504,1558819,0.4559
16-01-2020,UPL,EQ,585.8,587.1,591.8,582.1,587.1,588.1,586.8,1705322,1.00068E+14,27873,583492,0.3422
17-01-2020,UPL,EQ,588.1,589.95,597.35,585.9,587.5,589.25,592.23,1813763,1.07417E+14,38673,637490,0.3515
20-01-2020,UPL,EQ,589.25,590,590.85,580.55,585.5,584.6,585.28,2425877,1.41982E+14,35711,1609411,0.6634
21-01-2020,UPL,EQ,584.6,582.8,582.8,572.2,578,577.7,577.88,4789489,2.76776E+14,55347,3325848,0.6944
22-01-2020,UPL,EQ,577.7,582.85,582.85,553.4,560.45,562.95,565.54,7453773,4.21541E+14,109927,1590779,0.2134
23-01-2020,UPL,EQ,562.95,560,564.55,540.3,540.5,542.2,549.04,4533870,2.48929E+14,92824,1997359,0.4405
24-01-2020,UPL,EQ,542.2,541,564.5,541,544.9,543.3,552.65,8132638,4.4945E+14,104732,1349896,0.166
27-01-2020,UPL,EQ,543.3,545.4,550.1,535,538,537.25,542.33,4285510,2.32417E+14,81562,1563623,0.3649
28-01-2020,UPL,EQ,537.25,538.25,548,533.2,537,536.95,541.1,4042406,2.18735E+14,71834,750500,0.1857
29-01-2020,UPL,EQ,536.95,543.9,545.9,537.05,541.8,542.15,541.81,2182366,1.18242E+14,36513,626751,0.2872
30-01-2020,UPL,EQ,542.15,541.95,551.35,539.1,543,544.15,544.53,3514667,1.91383E+14,75088,1196363,0.3404
31-01-2020,UPL,EQ,544.15,547.45,549,525,526.8,526.55,532.04,4340034,2.30905E+14,77148,1479279,0.3408
01-02-2020,UPL,EQ,526.55,528,533.95,498.7,508.5,503.65,517.41,2748381,1.42204E+14,46901,630451,0.2294
03-02-2020,UPL,EQ,503.65,506.75,517.5,505,513.9,513.3,511.82,3012267,1.54174E+14,56906,1042686,0.3461
04-02-2020,UPL,EQ,513.3,516.95,525.95,515,522,522.6,521.13,2253175,1.1742E+14,33985,896400,0.3978
05-02-2020,UPL,EQ,522.6,525.1,542.3,521.55,537,537.45,535.66,3105094,1.66328E+14,47677,673937,0.217
06-02-2020,UPL,EQ,537.45,537.05,545.2,533.6,536.9,536.85,538.96,2052126,1.10601E+14,34289,700819,0.3415
07-02-2020,UPL,EQ,536.85,539,555.45,538.3,544,543.1,547.92,5702296,3.1244E+14,78896,1001687,0.1757
10-02-2020,UPL,EQ,543.1,570.3,579.6,555.7,569,574.1,569.02,15352223,8.73566E+14,189528,1722842,0.1122
11-02-2020,UPL,EQ,574.1,574.4,584.8,569.9,578.45,576.65,578.32,5097454,2.94794E+14,89680,1454136,0.2853
12-02-2020,UPL,EQ,576.65,578.45,583,570.45,572.9,573.9,577.15,3277025,1.89133E+14,53561,1247595,0.3807
13-02-2020,UPL,EQ,573.9,572,582.9,562.9,580.2,578.75,576.16,2902199,1.67214E+14,44932,1225882,0.4224
14-02-2020,UPL,EQ,578.75,579.6,601.4,578.1,593,591.65,591.5,6213486,3.67525E+14,76319,1804031,0.2903
17-02-2020,UPL,EQ,591.65,593,599.8,591.15,595.2,595,595.31,2418399,1.43969E+14,38912,835341,0.3454
18-02-2020,UPL,EQ,595,592,592,574,584.85,585.2,583.12,2972328,1.73322E+14,53231,1363623,0.4588
19-02-2020,UPL,EQ,585.2,589.9,593.85,581.3,585,585.2,584.98,2843587,1.66345E+14,34916,1163934,0.4093
20-02-2020,UPL,EQ,585.2,586,596.25,580.7,585.5,584.35,589.63,1802988,1.0631E+14,29158,472917,0.2623
24-02-2020,UPL,EQ,584.35,586.95,590.75,570.1,575,573.25,580.25,1975289,1.14616E+14,34800,642994,0.3255
25-02-2020,UPL,EQ,573.25,573.3,577.65,562.1,569.4,566.35,567.11,2912488,1.6517E+14,34684,987253,0.339
26-02-2020,UPL,EQ,566.35,565.8,569.8,556,561.55,563,561.44,2885119,1.61981E+14,50161,1137980,0.3944
27-02-2020,UPL,EQ,563,561.55,561.55,548.85,550.5,550.85,553.4,1668088,9.23126E+13,34742,385524,0.2311
28-02-2020,UPL,EQ,550.85,543,546.6,514,524.9,519.7,527.53,2974535,1.56917E+14,49412,1107045,0.3722
02-03-2020,UPL,EQ,519.7,527,541.6,509.6,512.65,514.35,528.91,1907596,1.00895E+14,29665,524224,0.2748
03-03-2020,UPL,EQ,514.35,519.9,526.65,512.55,521.25,521.55,520.2,2499968,1.30049E+14,45621,795272,0.3181
04-03-2020,UPL,EQ,521.55,525,533.6,498.1,510.25,511.6,515.63,4037644,2.08194E+14,61101,1262705,0.3127
05-03-2020,UPL,EQ,511.6,518.9,529,513,516,516.05,522.4,2794208,1.45969E+14,65897,823819,0.2948
06-03-2020,UPL,EQ,516.05,499,516.85,491.35,513.35,513.6,506.95,3567046,1.8083E+14,70373,1731476,0.4854
09-03-2020,UPL,EQ,513.6,504.65,519.9,494.65,509.45,513,505.73,4467786,2.25948E+14,99364,1657755,0.371
11-03-2020,UPL,EQ,513,498.55,523.45,497.6,517,516.95,515.6,5659075,2.91782E+14,101584,2369332,0.4187
12-03-2020,UPL,EQ,516.95,504.55,520.4,434.8,450,443.6,475.1,8133221,3.86411E+14,121804,3185691,0.3917
13-03-2020,UPL,EQ,443.6,428,438,377.1,411.9,410.85,411.43,9712611,3.99601E+14,216029,4406039,0.4536
16-03-2020,UPL,EQ,410.85,392.3,394.95,373.5,374.8,376.8,383.1,5282609,2.02375E+14,97972,2080209,0.3938
17-03-2020,UPL,EQ,376.8,370,379.95,343.1,350.55,350.85,364.78,9227987,3.3662E+14,131877,3373526,0.3656
18-03-2020,UPL,EQ,350.85,360,363.95,314.6,324.7,321.85,339.07,5545883,1.88043E+14,93308,2409809,0.4345
19-03-2020,UPL,EQ,321.85,301.2,313.3,293,295,296.75,305.65,7227501,2.20909E+14,102275,3633713,0.5028
20-03-2020,UPL,EQ,296.75,294,320.65,287,300,300.15,305.83,7465488,2.2832E+14,126524,3993495,0.5349
23-03-2020,UPL,EQ,300.15,270.15,283,240.15,254.45,254.6,267.34,3029255,8.09831E+13,71544,1485095,0.4903
24-03-2020,UPL,EQ,254.6,265.5,277,249.5,263,262.05,266.67,4168346,1.11156E+14,87812,1677588,0.4025
25-03-2020,UPL,EQ,262.05,257,301.35,252,292,292.8,279.18,3838980,1.07176E+14,63549,1536968,0.4004
26-03-2020,UPL,EQ,292.8,298,330.8,290.2,310.55,312.55,314.71,5887832,1.85298E+14,94076,1416611,0.2406
27-03-2020,UPL,EQ,312.55,327.6,336,315.3,324.55,322.2,323.98,4833123,1.56584E+14,92284,1702506,0.3523
30-03-2020,UPL,EQ,322.2,317.2,317.2,293.7,309,308.45,306.56,3121312,9.56875E+13,53161,1134212,0.3634
31-03-2020,UPL,EQ,308.45,315.45,331.75,309.25,330,326.5,319.59,2779879,8.88424E+13,44458,896339,0.3224
01-04-2020,UPL,EQ,326.5,328.5,328.5,303,307,305.75,310.21,2681565,8.3184E+13,52479,788528,0.2941
03-04-2020,UPL,EQ,305.75,306.15,307.5,295,300,298.1,301.9,3265474,9.85859E+13,59126,1331534,0.4078
07-04-2020,UPL,EQ,298.1,311,326,307.15,322.8,323.65,317.3,3624533,1.15007E+14,80936,1457730,0.4022
08-04-2020,UPL,EQ,323.65,320,337.5,316.45,318.5,320.2,326.49,4632236,1.51239E+14,95460,1494226,0.3226
09-04-2020,UPL,EQ,320.2,330,332.4,312.75,320,319,320.46,4691012,1.50329E+14,75119,1296925,0.2765
13-04-2020,UPL,EQ,319,321,334.2,316.5,324.95,324.95,326.25,4850281,1.58238E+14,66425,1219459,0.2514
15-04-2020,UPL,EQ,324.95,329.95,381.75,329.9,351,350.55,363.22,22250838,8.08198E+14,370572,3230464,0.1452
16-04-2020,UPL,EQ,350.55,356,369,356,363.25,363.2,363.4,10132741,3.68226E+14,201203,2881451,0.2844
17-04-2020,UPL,EQ,363.2,376.55,379,358.25,363.95,363.3,365.74,5328293,1.94876E+14,114386,1813732,0.3404
20-04-2020,UPL,EQ,363.3,369.8,369.8,352.8,354.75,354.75,356.55,4741110,1.69043E+14,81446,1226752,0.2587
21-04-2020,UPL,EQ,354.75,348.7,352.9,343.05,346,345.95,347.81,2817261,9.79862E+13,63065,1124258,0.3991
22-04-2020,UPL,EQ,345.95,345,359,336.2,358.5,353.65,346.93,4105568,1.42433E+14,73086,1642545,0.4001
23-04-2020,UPL,EQ,353.65,359.9,366.4,345.7,348,348.9,358.38,5688683,2.03872E+14,118215,1851918,0.3255
24-04-2020,UPL,EQ,348.9,345,347.6,334.2,336.2,335.85,340.41,2736141,9.314E+13,47115,842764,0.308
27-04-2020,UPL,EQ,335.85,343.4,355.7,340.5,349.95,349.35,348.98,4557197,1.59039E+14,70173,1428877,0.3135
28-04-2020,UPL,EQ,349.35,361.95,369.95,357.05,360.8,360.5,362.47,7805874,2.8294E+14,120727,1942681,0.2489
29-04-2020,UPL,EQ,360.5,363.95,364.4,354.35,360,360.6,359.99,2824041,1.01662E+14,56661,728290,0.2579
30-04-2020,UPL,EQ,360.6,367.25,429.35,364.05,413,420.05,395.23,18224218,7.20274E+14,250740,3430284,0.1882
04-05-2020,UPL,EQ,420.05,394.85,419.5,381.35,386.5,385.4,394.99,10395308,4.10607E+14,185976,2217988,0.2134
05-05-2020,UPL,EQ,385.4,395,408,385,386.55,387.05,395.87,11637265,4.60679E+14,155542,2450573,0.2106
06-05-2020,UPL,EQ,387.05,392.95,392.95,373,380.2,379,379.31,7610764,2.88683E+14,109655,2000903,0.2629
07-05-2020,UPL,EQ,379,378,383.9,366.3,367.1,368.4,374.24,4316135,1.61527E+14,70302,911640,0.2112
08-05-2020,UPL,EQ,368.4,373.45,375.8,363,365,364.6,369.33,3282167,1.21219E+14,60294,735370,0.2241
11-05-2020,UPL,EQ,364.6,367,378.6,366.5,369.75,368.1,373.89,3903903,1.45962E+14,73221,911403,0.2335
12-05-2020,UPL,EQ,368.1,368.5,382.45,363.9,374.9,374.55,376.79,9371378,3.53103E+14,156432,1663326,0.1775
13-05-2020,UPL,EQ,374.55,398.2,398.8,380.6,391.6,389.65,389.48,7474559,2.91121E+14,99769,1882151,0.2518
14-05-2020,UPL,EQ,389.65,386.5,396,376.1,392.5,391.85,388.02,7302616,2.83352E+14,99732,1299642,0.178
15-05-2020,UPL,EQ,391.85,393.7,393.7,377.45,380,378.9,383.57,3690162,1.41542E+14,52890,919018,0.249
18-05-2020,UPL,EQ,378.9,381.4,384.7,365.4,374.05,375.8,375.54,5496993,2.06432E+14,81777,1010313,0.1838
19-05-2020,UPL,EQ,375.8,380.65,380.65,338.25,339.05,339.65,351.72,18772895,6.60275E+14,290921,4027130,0.2145
20-05-2020,UPL,EQ,339.65,339.05,358.6,336,357.95,356.55,353.65,16718318,5.91238E+14,257861,2674957,0.16
21-05-2020,UPL,EQ,356.55,359.65,370,356.35,367.3,366.8,363.26,10088455,3.66478E+14,145463,2562561,0.254
22-05-2020,UPL,EQ,366.8,366.75,373.9,362.7,372.65,371.15,369.54,8545227,3.15783E+14,111835,1467781,0.1718
26-05-2020,UPL,EQ,371.15,376.95,386.45,365.65,366.6,367.05,376.05,14907868,5.60608E+14,192645,2420747,0.1624
27-05-2020,UPL,EQ,367.05,370.5,390,367.05,387.85,387.8,381.99,15176464,5.79723E+14,216423,3848505,0.2536
28-05-2020,UPL,EQ,387.8,394.2,398.9,388.2,391,391.1,393.03,9298423,3.65452E+14,131208,3392409,0.3648
29-05-2020,UPL,EQ,391.1,392.55,419.75,388.4,404.5,405.85,407.38,22301405,9.08519E+14,237898,7493814,0.336
01-06-2020,UPL,EQ,405.85,411,423,410.75,419,419.3,418.16,7782283,3.25425E+14,116918,1831640,0.2354
02-06-2020,UPL,EQ,419.3,420.1,428.95,414.7,424.7,424.7,424.01,6847561,2.90345E+14,110454,1788070,0.2611
03-06-2020,UPL,EQ,424.7,428.95,433.8,417,419,419.1,426.15,7203500,3.0698E+14,95285,3625237,0.5033
04-06-2020,UPL,EQ,419.1,419.9,432.95,418,423,422.05,425,5729522,2.43504E+14,82499,1240512,0.2165
05-06-2020,UPL,EQ,422.05,425.25,445.95,423.55,439.5,439.4,439.39,12315989,5.41152E+14,158469,2488501,0.2021
08-06-2020,UPL,EQ,439.4,449,449.7,433.5,436.9,436.8,441.44,4520992,1.99573E+14,94327,1403307,0.3104
09-06-2020,UPL,EQ,436.8,443.95,445,428.15,430,430.6,438.93,4048019,1.77681E+14,80498,1419531,0.3507
10-06-2020,UPL,EQ,430.6,432.1,435.55,421,426.5,425,427.84,4333713,1.85415E+14,56218,2056007,0.4744
11-06-2020,UPL,EQ,425,430.7,434.25,415.45,419.5,417.45,424.18,3873618,1.64312E+14,65479,1043368,0.2694
12-06-2020,UPL,EQ,417.45,402,415.2,400.05,410.95,411.65,408.1,4995018,2.03845E+14,86526,1674198,0.3352
15-06-2020,UPL,EQ,411.65,405.65,411,398.05,406.4,405,405.02,4693725,1.90108E+14,67103,1330622,0.2835
16-06-2020,UPL,EQ,405,416,429.4,410,414.9,414.25,421.26,10359468,4.36404E+14,143936,1886727,0.1821
17-06-2020,UPL,EQ,414.25,419.8,424,409,421.4,420.8,417.89,6088271,2.54423E+14,80257,1825704,0.2999
18-06-2020,UPL,EQ,420.8,422.85,431.9,422.4,427.5,427.9,427.89,5641321,2.41386E+14,92530,1179957,0.2092
19-06-2020,UPL,EQ,427.9,427.95,439.55,427.5,437,436.9,435.9,6059411,2.6413E+14,116109,2352854,0.3883
22-06-2020,UPL,EQ,436.9,436.95,448.4,432.1,448,446.2,443.03,4990109,2.21076E+14,87664,1813792,0.3635
23-06-2020,UPL,EQ,446.2,453,469.1,452.75,463.5,463.1,464.02,7873312,3.65334E+14,126949,1421969,0.2872
24-06-2020,UPL,EQ,463.1,466.85,470,441,446.4,444.95,456.16,3907935,1.78266E+14,66718,1042106,0.2667
25-06-2020,UPL,EQ,444.95,438.15,454.7,437.45,445,442.9,446.42,3982270,1.77775E+14,62440,928227,0.2331
26-06-2020,UPL,EQ,442.9,450,450.85,438.65,441.1,440.25,443.47,2128151,9.43761E+13,34613,561504,0.2638
29-06-2020,UPL,EQ,440.25,440,440.25,429.15,430.95,431.9,433.31,2317361,1.00413E+14,38724,685454,0.2958
30-06-2020,UPL,EQ,431.9,435,446.45,422,426.8,425.2,434.62,5184094,2.2531E+14,97258,1238855,0.239
01-07-2020,UPL,EQ,425.2,430.9,449,429,447.6,446.95,440.82,8180143,3.60599E+14,97500,1754813,0.2145
02-07-2020,UPL,EQ,446.95,451.35,453.75,440.35,442.5,442.45,444.06,3807815,1.69089E+14,58568,915307,0.2404
03-07-2020,UPL,EQ,442.45,445.2,452.95,442.4,444.75,444.2,447.41,3812085,1.70555E+14,54254,585319,0.1535
06-07-2020,UPL,EQ,444.2,447,460.4,446.3,456.2,456.6,455.03,4257602,1.93735E+14,59251,981280,0.2305
07-07-2020,UPL,EQ,456.6,457.9,457.9,448.1,451,450.95,451.98,3664426,1.65625E+14,66451,1342448,0.3663
08-07-2020,UPL,EQ,450.95,459.85,464,441.25,444.6,444,454.07,8686831,3.94443E+14,136182,2851981,0.3283
09-07-2020,UPL,EQ,444,447,447.9,437.15,444.5,442.55,440.91,5160583,2.27535E+14,77860,2218271,0.4298
10-07-2020,UPL,EQ,442.55,444,452,433.5,437,436.5,441.63,5806559,2.56433E+14,102005,1507960,0.2597
13-07-2020,UPL,EQ,436.5,440,444.95,435.5,440,439.2,439.16,2480373,1.08928E+14,44489,833748,0.3361
14-07-2020,UPL,EQ,439.2,439.95,444.5,429.1,438.5,437.5,437.91,4214243,1.84544E+14,81922,1293283,0.3069
15-07-2020,UPL,EQ,437.5,441.75,442.85,430.45,439,437.55,437.87,4334532,1.89796E+14,70987,1816331,0.419
16-07-2020,UPL,EQ,437.55,440.55,441.75,423.55,433,433.45,430.93,4189313,1.80532E+14,102125,1560839,0.3726
17-07-2020,UPL,EQ,433.45,435,442.35,433,437.4,436.45,436.83,3644145,1.59186E+14,69758,1950469,0.5352
20-07-2020,UPL,EQ,436.45,440,456,439.3,454.2,453.65,448.75,9435359,4.2341E+14,132084,3525322,0.3736
21-07-2020,UPL,EQ,453.65,457.3,462.8,450.35,457.8,458.4,457.23,6154188,2.81388E+14,83926,2427775,0.3945
22-07-2020,UPL,EQ,458.4,460,464.5,447.7,463.8,460.25,455.73,4431711,2.01964E+14,69932,2007091,0.4529
23-07-2020,UPL,EQ,460.25,461,478,459,462.8,462.75,469.88,9427289,4.42966E+14,130263,1847092,0.1959
24-07-2020,UPL,EQ,462.75,461,461,444.1,453.35,454.15,451.65,4059461,1.83345E+14,70349,1324196,0.3262
27-07-2020,UPL,EQ,454.15,455.8,457,440.25,446.3,445.8,446.27,2974332,1.32736E+14,41684,1000691,0.3364
28-07-2020,UPL,EQ,445.8,446.4,451.95,441.5,450.25,448.95,445.72,4626424,2.06211E+14,56293,2245723,0.4854
29-07-2020,UPL,EQ,448.95,449.5,464.1,449.05,461.1,461.75,457.77,7119905,3.25929E+14,93684,2927032,0.4111
30-07-2020,UPL,EQ,461.75,464.95,471.5,461.45,462.7,464.6,466.77,6219459,2.90304E+14,96496,2277920,0.3663
31-07-2020,UPL,EQ,464.6,467.85,486,460.25,477.8,478.15,475.5,11062532,5.2602E+14,144249,2758207,0.2493
03-08-2020,UPL,EQ,478.15,484,484.9,445.2,452.5,452.15,455.58,14444377,6.58059E+14,203227,4113341,0.2848
04-08-2020,UPL,EQ,452.15,455.85,464.35,454,461.5,461.7,458.93,6194319,2.84275E+14,98058,1955068,0.3156
05-08-2020,UPL,EQ,461.7,462,467.7,452.3,455,453.6,458.58,4736989,2.17231E+14,68573,1554541,0.3282
06-08-2020,UPL,EQ,453.6,452.5,466.5,451.6,465,463.9,459.85,4177616,1.92109E+14,87895,1301892,0.3116
07-08-2020,UPL,EQ,463.9,465.5,484.9,465.5,480.1,480.3,476.27,10013682,4.76926E+14,138144,2301783,0.2299
10-08-2020,UPL,EQ,480.3,483.85,496.5,478.45,493.75,494.3,491.17,7603928,3.73485E+14,100179,2204612,0.2899
11-08-2020,UPL,EQ,494.3,496.5,496.65,480,482.8,481.9,485.34,4360609,2.1164E+14,66850,1800712,0.4129
12-08-2020,UPL,EQ,481.9,481.25,489,471.05,487,487.15,483.25,4332818,2.09383E+14,97005,1432236,0.3306
13-08-2020,UPL,EQ,487.15,487.3,499.9,487.3,489.35,489.15,492.39,4549602,2.24016E+14,90858,1177038,0.2587
14-08-2020,UPL,EQ,489.15,494.6,496.9,480.85,486.25,485.65,489.67,2431513,1.19065E+14,63838,688059,0.283
17-08-2020,UPL,EQ,485.65,489.5,494.7,487.75,492.25,492.35,491.85,2230316,1.09697E+14,37689,690031,0.3094
18-08-2020,UPL,EQ,492.35,492.2,508.95,491.85,501.8,500.15,502.72,8890754,4.46959E+14,114743,1677021,0.1886
19-08-2020,UPL,EQ,500.15,499.9,507.15,492.5,500.5,499.4,500.02,5405986,2.70312E+14,71454,1660755,0.3072
20-08-2020,UPL,EQ,499.4,494.85,498.75,487.25,493.5,491.9,492.94,3081600,1.51904E+14,81253,1293726,0.4198
21-08-2020,UPL,EQ,491.9,496.5,504.05,491,494,493.4,498.42,3426545,1.70786E+14,75506,891890,0.2603
24-08-2020,UPL,EQ,493.4,496,504.75,496,498.4,497.4,501.25,4042121,2.0261E+14,77088,889974,0.2202
25-08-2020,UPL,EQ,497.4,499.05,500.55,490.2,492.5,492.1,493.5,3431282,1.69332E+14,55891,1186873,0.3459
26-08-2020,UPL,EQ,492.1,492.95,496.6,488.35,493.05,493.55,492.27,2839626,1.39787E+14,35219,979757,0.345
27-08-2020,UPL,EQ,493.55,493.05,500,492.5,496.75,496.75,497.11,2426413,1.20619E+14,35921,808443,0.3332
28-08-2020,UPL,EQ,496.75,500,521.1,498.3,521,519.25,513.49,9809948,5.03729E+14,148522,2307794,0.2353
31-08-2020,UPL,EQ,519.25,524,534.9,501,502.95,505.95,517.86,10825186,5.60592E+14,127947,2962295,0.2736
01-09-2020,UPL,EQ,505.95,505,510,491.25,508.35,505.05,500.82,3980644,1.99359E+14,56709,725544,0.1823
02-09-2020,UPL,EQ,505.05,505,506,492.7,501.15,500.85,498.27,4153159,2.06938E+14,58327,1457191,0.3509
03-09-2020,UPL,EQ,500.85,505.8,526.75,504.25,523,521.85,518.83,8589275,4.45634E+14,140329,1525635,0.1776
04-09-2020,UPL,EQ,521.85,514.75,517.85,504.55,509.65,508.45,510.99,3768854,1.92586E+14,63150,994139,0.2638
07-09-2020,UPL,EQ,508.45,509.5,510.45,490.8,495.2,494.45,495.05,5255103,2.60154E+14,95566,1595376,0.3036
08-09-2020,UPL,EQ,494.45,497.65,503.4,485,486.3,487,496.79,4844567,2.40672E+14,97101,1008418,0.2082
09-09-2020,UPL,EQ,487,482,498.4,467.05,493.45,494.55,481.56,6078537,2.9272E+14,104631,1521823,0.2504
10-09-2020,UPL,EQ,494.55,497.9,497.9,485,491,491,489.28,4004655,1.95939E+14,63914,1492907,0.3728
11-09-2020,UPL,EQ,491,492.6,501,488.1,497.4,499,495.16,3410700,1.68886E+14,58884,769686,0.2257
14-09-2020,UPL,EQ,499,507.95,519.8,502,517,515.9,512.45,5861925,3.00395E+14,78829,1102313,0.188
15-09-2020,UPL,EQ,515.9,518.25,532.25,516.05,530.1,529.7,526.29,6222427,3.27483E+14,82174,1218657,0.1958
16-09-2020,UPL,EQ,529.7,530.05,533.25,521.95,527,528.5,526.9,3961768,2.08745E+14,59337,1619529,0.4088
17-09-2020,UPL,EQ,528.5,524.95,537,520.3,529.25,530.55,530.07,4036648,2.1397E+14,65074,860868,0.2133
18-09-2020,UPL,EQ,530.55,530.9,540,529.05,538.25,537.3,535.38,3868205,2.07096E+14,67659,1711417,0.4424
21-09-2020,UPL,EQ,537.3,537,546.5,521.85,530.6,532.2,537.1,4907579,2.63587E+14,65352,1425683,0.2905
22-09-2020,UPL,EQ,532.2,532.2,537.9,512.35,527.8,529.15,524.83,4623271,2.42645E+14,66486,1285610,0.2781
23-09-2020,UPL,EQ,529.15,530,534.9,519.85,531.9,532.4,528.39,3647987,1.92756E+14,56406,1405298,0.3852
24-09-2020,UPL,EQ,532.4,525.45,525.45,502.2,505.5,505.15,515.86,4119459,2.12505E+14,53518,1683723,0.4087
25-09-2020,UPL,EQ,505.15,508.95,513.8,500.75,502.2,504.65,506.98,4858021,2.46292E+14,57581,1627551,0.335
28-09-2020,UPL,EQ,504.65,506.4,517.75,506,508.2,509.8,512.12,3786838,1.93933E+14,42599,1308425,0.3455
29-09-2020,UPL,EQ,509.8,514.5,514.5,490.6,492,493.1,499.77,5023517,2.5106E+14,67756,1783595,0.355
30-09-2020,UPL,EQ,493.1,494,506,491.55,501.25,502.9,500.76,4501377,2.25413E+14,67152,654660,0.1454
01-10-2020,UPL,EQ,502.9,508,512.7,503.3,507,505.65,508.99,2462815,1.25354E+14,38018,469311,0.1906
05-10-2020,UPL,EQ,505.65,509.5,510.15,502.1,506,507.1,507,2533261,1.28436E+14,40561,716211,0.2827
06-10-2020,UPL,EQ,507.1,511.45,519,508.25,509.3,509.55,514.13,3662272,1.8829E+14,63008,649454,0.1773
07-10-2020,UPL,EQ,509.55,511.45,524.9,507.4,511,510.85,516.81,4997523,2.58277E+14,71416,940481,0.1882
08-10-2020,UPL,EQ,510.85,513.95,519.85,506.5,510,509.4,513.36,2814294,1.44474E+14,51145,782307,0.278
09-10-2020,UPL,EQ,509.4,510.4,513.2,495.9,497.45,497.3,501.43,3712048,1.86133E+14,59941,1171338,0.3156
12-10-2020,UPL,EQ,497.3,499.9,508.3,493.15,507,507.1,502.02,3332484,1.67297E+14,55978,992917,0.298
13-10-2020,UPL,EQ,507.1,507.8,515.55,504.1,504.45,506.5,509.86,3992135,2.03544E+14,49822,1034408,0.2591
14-10-2020,UPL,EQ,506.5,501.35,513,495.3,511,510.9,503.34,3424315,1.72361E+14,48153,710240,0.2074
15-10-2020,UPL,EQ,510.9,510,520,502.9,505,506.55,515.11,4927087,2.53797E+14,66081,1212846,0.2462
16-10-2020,UPL,EQ,506.55,490,490,458.25,467.75,466.95,472.59,22982753,1.08615E+15,314245,5333473,0.2321
19-10-2020,UPL,EQ,466.95,474.8,474.8,447.5,464,463.45,460.67,13196083,6.07908E+14,157061,3237966,0.2454
20-10-2020,UPL,EQ,463.45,464,467.7,453.95,454.9,455.95,460.04,7255239,3.33772E+14,99236,3090381,0.426
21-10-2020,UPL,EQ,455.95,459.9,463.5,446.75,453.05,454.2,455.44,6312709,2.87508E+14,70350,1875782,0.2971
22-10-2020,UPL,EQ,454.2,452.8,458.2,450.2,454.75,454.5,454.02,4495486,2.04105E+14,87654,1716325,0.3818
23-10-2020,UPL,EQ,454.5,458.5,458.5,450,450.8,450.95,453.28,3682129,1.66903E+14,54608,1828485,0.4966
26-10-2020,UPL,EQ,450.95,454.95,454.95,431.5,432.05,433.4,439.63,6280314,2.76099E+14,112176,2319582,0.3693
27-10-2020,UPL,EQ,433.4,435,441.4,429.35,439.25,438.55,436.8,4881972,2.13243E+14,101734,1496659,0.3066
28-10-2020,UPL,EQ,438.55,440.35,454.5,437.5,450.5,450.75,448.22,7235748,3.24318E+14,96540,1460266,0.2018
29-10-2020,UPL,EQ,450.75,447.4,455.6,444.25,452.5,450.25,450.89,4598075,2.07324E+14,85647,846855,0.1842
30-10-2020,UPL,EQ,450.25,451.9,457.5,446.45,453,453.25,452.45,3684252,1.66693E+14,48988,746492,0.2026
02-11-2020,UPL,EQ,453.25,465,465,431.65,444.25,445.35,446.94,10356782,4.62885E+14,131264,1672429,0.1615
03-11-2020,UPL,EQ,445.35,444.4,449.5,414,415.95,417.05,423.88,16512536,6.99938E+14,230764,4140572,0.2508
04-11-2020,UPL,EQ,417.05,415.7,415.7,399,400.8,401.35,404.16,19363947,7.82621E+14,223143,6844481,0.3535
05-11-2020,UPL,EQ,401.35,407.95,419.6,405.15,418.5,418.4,414.52,11470585,4.75474E+14,128528,2770454,0.2415
06-11-2020,UPL,EQ,418.4,421.45,428,417.8,423.1,422.4,423.13,7614066,3.22171E+14,93520,2251274,0.2957
09-11-2020,UPL,EQ,422.4,426.6,431,424.15,426.6,426.75,426.97,4271081,1.82364E+14,57349,1387952,0.325
10-11-2020,UPL,EQ,426.75,430.1,438.5,426.55,433.3,432.8,433.22,6424909,2.7834E+14,97160,3143373,0.4892
11-11-2020,UPL,EQ,432.8,429,442.95,429,436.5,435.7,438.01,7504886,3.28723E+14,85611,2667524,0.3554
12-11-2020,UPL,EQ,435.7,436.8,437.8,425.1,429.9,429.6,430.82,5511536,2.37449E+14,66069,2422989,0.4396
13-11-2020,UPL,EQ,429.6,429,431.1,423,425,425.35,426.46,4644051,1.98052E+14,61098,1524368,0.3282
14-11-2020,UPL,EQ,425.35,431.15,431.15,428,429,429.25,429.43,643619,2.76391E+13,12430,272878,0.424
17-11-2020,UPL,EQ,429.25,431.4,434.5,428.25,429.5,429.65,431.81,5929010,2.56018E+14,110274,3867021,0.6522
18-11-2020,UPL,EQ,429.65,430,430,424.05,425.75,426.3,425.99,4415523,1.88099E+14,64613,2628986,0.5954
19-11-2020,UPL,EQ,426.3,425.9,425.9,415.05,416,416.5,419.34,6331928,2.65526E+14,104790,2257168,0.3565
20-11-2020,UPL,EQ,416.5,416.5,422.4,406.55,419,420.4,414.07,12763134,5.28486E+14,111419,4667588,0.3657
23-11-2020,UPL,EQ,420.4,423,429.5,421.35,426.7,426.45,425.97,5172468,2.20332E+14,70662,2290850,0.4429
24-11-2020,UPL,EQ,426.45,428,431.5,426.45,427.5,427.45,428.4,4538696,1.94436E+14,72639,2167177,0.4775
25-11-2020,UPL,EQ,427.45,428.8,430.15,417.6,418.25,418.6,424.04,4753592,2.01573E+14,69325,2361059,0.4967
26-11-2020,UPL,EQ,418.6,418.6,422.3,414.15,421.2,420.55,419.33,3896795,1.63404E+14,53069,1302592,0.3343
27-11-2020,UPL,EQ,420.55,421.2,425.5,416.3,418.7,417.7,419.84,7024437,2.94912E+14,84071,3963517,0.5642
01-12-2020,UPL,EQ,417.7,420,434.2,418,434,433.05,428.89,14928450,6.4027E+14,138558,7872052,0.5273
02-12-2020,UPL,EQ,433.05,442.75,447,437.45,441.5,441.95,442.41,14187495,6.27669E+14,145428,4101496,0.2891
03-12-2020,UPL,EQ,441.95,446.75,458.9,437.5,455.65,454.75,449.65,13251977,5.9587E+14,154530,4820239,0.3637
04-12-2020,UPL,EQ,454.75,458.95,463,452.5,454.35,455.7,457.4,7719922,3.53109E+14,67243,2625630,0.3401
07-12-2020,UPL,EQ,455.7,455,478.2,453.55,476.5,475.95,469.62,11443788,5.3742E+14,135356,4508246,0.3939
08-12-2020,UPL,EQ,475.95,481.25,488.5,469.45,472.25,472.8,479.25,15624166,7.4878E+14,158070,4708692,0.3014
09-12-2020,UPL,EQ,472.8,475.1,495,475.1,494.5,492.6,487.22,13836059,6.74125E+14,155642,3935010,0.2844
10-12-2020,UPL,EQ,492.6,478,479,416.1,437,438.45,432.4,87279054,3.77397E+15,869118,16251522,0.1862
11-12-2020,UPL,EQ,438.45,456,456.85,429.2,434.5,435,444.33,50283569,2.23423E+15,436004,7630232,0.1517
14-12-2020,UPL,EQ,435,433,443.9,431.8,441.75,442.15,440.4,14595495,6.42791E+14,138461,2880594,0.1974
15-12-2020,UPL,EQ,442.15,443.25,449.8,437,447.85,448.8,446.02,9187569,4.0978E+14,98425,2679475,0.2916
16-12-2020,UPL,EQ,448.8,453.85,461.5,451.5,459.1,459.65,456.79,11503251,5.2546E+14,117472,4561561,0.3965
17-12-2020,UPL,EQ,459.65,461.45,466.4,453.2,455,455.4,461.52,7362825,3.3981E+14,79401,2269364,0.3082
18-12-2020,UPL,EQ,455.4,456,462,454,460.6,460.3,459.51,5402464,2.48247E+14,65985,2019343,0.3738
21-12-2020,UPL,EQ,460.3,460,460.75,417,434.3,437.3,444.9,7376210,3.28169E+14,102736,1765479,0.2393
22-12-2020,UPL,EQ,437.3,437.3,445.8,425.55,444,444.65,437.51,7910320,3.46087E+14,88994,2090430,0.2643
23-12-2020,UPL,EQ,444.65,444.5,452.7,438.3,451.9,451.95,446.79,3488991,1.55885E+14,43411,679745,0.1948
24-12-2020,UPL,EQ,451.95,454.9,456.6,448,449.3,449.4,452.19,4384445,1.98259E+14,51884,972491,0.2218
28-12-2020,UPL,EQ,449.4,452.05,457.5,451.05,453.65,453.4,454.24,3146922,1.42945E+14,35620,929873,0.2955
29-12-2020,UPL,EQ,453.4,454.5,459,445.4,455.4,454.7,453.81,3781566,1.7161E+14,60601,768541,0.2032
30-12-2020,UPL,EQ,454.7,464,472.4,461.25,465.8,467.1,468.33,21753642,1.01878E+15,217429,2468703,0.1135
31-12-2020,UPL,EQ,467.1,467.7,468.5,461.2,466.7,466.35,464.5,5429481,2.52201E+14,59926,1506364,0.2774
01-01-2021,UPL,EQ,466.35,469.9,476.6,466.85,469.4,469.3,472.65,7090451,3.35127E+14,81162,968995,0.1367
04-01-2021,UPL,EQ,469.3,473.4,475,466.65,473.2,473.15,471.73,3615832,1.70571E+14,43512,1310172,0.3623
05-01-2021,UPL,EQ,473.15,469,472.5,466.35,471,471.25,469.47,3226777,1.51487E+14,42085,826434,0.2561
06-01-2021,UPL,EQ,471.25,471.95,481.9,467.15,471.65,472.4,474.87,5947103,2.8241E+14,78315,1249007,0.21
07-01-2021,UPL,EQ,472.4,476,486.5,474.45,483,482.5,481.19,7025121,3.38043E+14,85489,2112485,0.3007
08-01-2021,UPL,EQ,482.5,485,506,484.8,502.3,503.65,501.32,16114942,8.0788E+14,180917,2858423,0.1774
11-01-2021,UPL,EQ,503.65,506,508.9,493.3,497.9,497.45,500.23,5666689,2.83462E+14,73820,1052185,0.1857
12-01-2021,UPL,EQ,497.45,494.75,505.5,491.2,501.1,501.5,499.44,5008167,2.50127E+14,66137,1068041,0.2133
13-01-2021,UPL,EQ,501.5,502,505.8,484.4,491,491.7,494.5,4694033,2.3212E+14,63284,1306662,0.2784
14-01-2021,UPL,EQ,491.7,494.1,515,493,509.9,509.4,509.15,15231242,7.75495E+14,209740,2645466,0.1737
15-01-2021,UPL,EQ,509.4,511.95,527.9,511.4,522.35,522.55,521.28,19836600,1.03405E+15,207730,5430512,0.2738
18-01-2021,UPL,EQ,522.55,524.95,568,524,555,561.3,547.19,37175310,2.03419E+15,366399,6976048,0.1877
19-01-2021,UPL,EQ,561.3,561,570.9,553.65,563.05,564,563.55,15094630,8.50665E+14,174029,2020281,0.1338
20-01-2021,UPL,EQ,564,563,581.85,556.5,575.5,576.35,570.72,10900743,6.22128E+14,138443,1524474,0.1399
21-01-2021,UPL,EQ,576.35,576.35,594,576.35,587,584.55,587.84,11759051,6.91247E+14,146894,2195124,0.1867
22-01-2021,UPL,EQ,584.55,585.4,592.5,564,568.5,566.95,577.34,10118222,5.84169E+14,114136,3615832,0.3574
25-01-2021,UPL,EQ,566.95,571.7,593,567,589.6,588.15,584.75,13563025,7.93095E+14,164559,2943169,0.217
27-01-2021,UPL,EQ,588.15,588.15,601.15,569,575,574.25,581.75,15463821,8.99613E+14,189835,3321789,0.2148
28-01-2021,UPL,EQ,574.25,569,570.7,557.2,563,565.45,563.75,8146430,4.59254E+14,90752,2306182,0.2831
29-01-2021,UPL,EQ,565.45,569.85,576,557,562.3,560.65,566.13,9298672,5.26427E+14,117038,2182936,0.2348
01-02-2021,UPL,EQ,560.65,548.9,548.9,510,535.8,534.1,523.87,20250736,1.06087E+15,278573,4466143,0.2205
02-02-2021,UPL,EQ,534.1,541,568.5,541,564.75,566.3,559.07,13416792,7.50091E+14,153204,4237232,0.3158
03-02-2021,UPL,EQ,566.3,562.1,579.95,555,557.75,558.25,568.6,7268499,4.13284E+14,91011,1638095,0.2254
04-02-2021,UPL,EQ,558.25,558.7,568.55,544.3,548.9,548.05,554.14,6751111,3.74108E+14,90791,2049688,0.3036
05-02-2021,UPL,EQ,548.05,553.85,553.85,535,537.7,536.5,539.84,6377789,3.44297E+14,76497,2662734,0.4175
08-02-2021,UPL,EQ,536.5,538,546,528.15,538.2,538.3,537.8,8511429,4.57744E+14,99340,2879931,0.3384
09-02-2021,UPL,EQ,538.3,539.5,556,535.55,540.5,538.6,547.96,9171011,5.02533E+14,127221,1438599,0.1569
10-02-2021,UPL,EQ,538.6,543,546.45,532.45,534.8,534.4,537.57,4446858,2.39049E+14,60983,1379373,0.3102
11-02-2021,UPL,EQ,534.4,530.2,545.6,530.2,543.25,543.55,539.39,5684777,3.06629E+14,81516,927925,0.1632
12-02-2021,UPL,EQ,543.55,545.8,547.3,531.5,536,535.8,537.88,3043562,1.63708E+14,49098,575588,0.1891
15-02-2021,UPL,EQ,535.8,540,543.95,534.55,537.25,537.45,538.21,2569470,1.3829E+14,42459,475331,0.185
16-02-2021,UPL,EQ,537.45,542.65,545.65,537.1,538.65,538.95,540.84,2976504,1.60981E+14,42862,491591,0.1652
17-02-2021,UPL,EQ,538.95,525.3,542.6,525.3,537.3,539,538,2934589,1.5788E+14,41994,692691,0.236
18-02-2021,UPL,EQ,539,536.35,556.6,532,541.3,541.05,546.24,6399026,3.4954E+14,91673,1353669,0.2115
19-02-2021,UPL,EQ,541.05,542.95,565,539.5,554.9,552.8,556.12,16693854,9.2838E+14,212933,3278117,0.1964
22-02-2021,UPL,EQ,552.8,556,560.95,536.55,539.65,539.75,550.44,7702962,4.24005E+14,102661,2655835,0.3448
23-02-2021,UPL,EQ,539.75,530,570,514.05,565.9,566.4,547.12,20867768,1.14173E+15,225767,3990832,0.1912
24-02-2021,UPL,EQ,566.4,547,567,546,555,553.95,557.7,7229614,4.03196E+14,93084,1781432,0.2464
25-02-2021,UPL,EQ,553.95,560.8,597,559,594.5,593,581.32,16764202,9.74536E+14,202069,3442431,0.2053
26-02-2021,UPL,EQ,593,585,589.4,555.45,560.95,561.55,575.58,11511171,6.62555E+14,145877,2808457,0.244
01-03-2021,UPL,EQ,561.55,570,592.7,570,590,590.6,584.97,8570035,5.01321E+14,115229,902737,0.1053
02-03-2021,UPL,EQ,590.6,603,608.8,580.15,589.15,589.45,589.68,10602015,6.25184E+14,138231,1563452,0.1475
03-03-2021,UPL,EQ,589.45,595.8,616.85,589.2,613.95,613.6,601.62,8740632,5.25854E+14,112073,1910442,0.2186
04-03-2021,UPL,EQ,613.6,602,631.45,599.1,614.5,615.45,618.86,14124256,8.74089E+14,181716,2279998,0.1614
05-03-2021,UPL,EQ,615.45,615.45,615.9,586,593.3,591.55,598.92,7517590,4.50247E+14,107667,1508268,0.2006
08-03-2021,UPL,EQ,591.55,601,636.2,600,633.45,629.95,620.69,14163149,8.79095E+14,187037,2251122,0.1589
09-03-2021,UPL,EQ,629.95,634,637.7,611.25,624.95,624.9,622.67,10566829,6.57962E+14,139695,1555148,0.1472
10-03-2021,UPL,EQ,624.9,630.6,630.6,612.5,621,621.3,617.94,5583509,3.45027E+14,75234,1039473,0.1862
12-03-2021,UPL,EQ,621.3,626.6,632.95,614.1,618.55,620.3,623.64,4994965,3.11504E+14,73623,1081334,0.2165
15-03-2021,UPL,EQ,620.3,623.3,625.45,604.45,619.45,621.35,617.01,5438311,3.35549E+14,74190,763585,0.1404
16-03-2021,UPL,EQ,621.35,625.05,639.55,616.55,620.1,620.25,628.44,8396917,5.27693E+14,133712,1269062,0.1511
17-03-2021,UPL,EQ,620.25,623.65,626.85,605,609,609.2,619.2,4503677,2.78868E+14,60782,869598,0.1931
18-03-2021,UPL,EQ,609.2,617.65,622.8,594.05,602,601.3,610.48,6154177,3.75703E+14,85001,703583,0.1143
19-03-2021,UPL,EQ,601.3,598,628.9,586.2,625,625.45,611.97,8322870,5.09333E+14,92399,1971098,0.2368
22-03-2021,UPL,EQ,625.45,624.95,636.9,617.65,625.9,628.15,629.97,6196079,3.90337E+14,79806,754945,0.1218
23-03-2021,UPL,EQ,628.15,622.5,643.95,621,633.2,633.35,635.74,5999369,3.81403E+14,112322,736341,0.1227
24-03-2021,UPL,EQ,633.35,625,636.4,607,610.65,608.85,619.5,4832842,2.99395E+14,67141,1006325,0.2082
25-03-2021,UPL,EQ,608.85,613,618.25,591.5,597.7,595.65,604.55,10648953,6.4378E+14,130828,1283995,0.1206
26-03-2021,UPL,EQ,595.65,606,606,581,587.35,585.4,592.56,7778619,4.60932E+14,109753,2140712,0.2752
30-03-2021,UPL,EQ,585.4,597,634.65,591,629.85,627.95,617.2,14663831,9.05057E+14,179423,2261491,0.1542
31-03-2021,UPL,EQ,627.95,623,654,620.1,639.95,641.85,642.34,15862803,1.01892E+15,178077,2292776,0.1445
01-04-2021,UPL,EQ,641.85,640.95,656.9,635,654.3,653.6,645.72,7348750,4.74527E+14,89415,594748,0.0809
05-04-2021,UPL,EQ,653.6,650,664.75,631.6,646,646.25,646.93,9077724,5.87264E+14,115052,1506504,0.166
06-04-2021,UPL,EQ,646.25,648,668.85,645,661,661.35,659.38,7227685,4.76581E+14,93898,660513,0.0914
07-04-2021,UPL,EQ,661.35,660,673.95,652.4,653,654.45,662.25,4948757,3.27733E+14,69241,606345,0.1225
08-04-2021,UPL,EQ,654.45,657,664.6,650,653.8,651.6,657.69,3926359,2.58234E+14,58957,865496,0.2204
09-04-2021,UPL,EQ,651.6,656,656,630.7,635.95,634.9,639.77,4995747,3.19613E+14,82601,1277891,0.2558
12-04-2021,UPL,EQ,634.9,625,627.65,581.5,591,589.55,599.47,5954644,3.56963E+14,90548,927235,0.1557
13-04-2021,UPL,EQ,589.55,594,618.5,589,604.25,604.6,604.85,10046450,6.07662E+14,135064,941004,0.0937
15-04-2021,UPL,EQ,604.6,611,623.9,597.4,607.5,607.35,608.2,7395673,4.49802E+14,101576,1530314,0.2069
16-04-2021,UPL,EQ,607.35,610,618.8,602,610.8,611.75,612.49,3577455,2.19116E+14,51470,514180,0.1437
19-04-2021,UPL,EQ,611.75,595.1,603,587,596.5,597.45,596.78,3198847,1.90899E+14,57705,510700,0.1597
20-04-2021,UPL,EQ,597.45,606,613,585.6,592,591.75,598.3,3403144,2.03611E+14,51854,627857,0.1845
22-04-2021,UPL,EQ,591.75,589,598.9,581.9,591.4,591.6,592.34,3182229,1.88495E+14,65628,602172,0.1892
23-04-2021,UPL,EQ,591.6,592.1,597.05,581.3,585.9,585.4,589.36,3356598,1.97825E+14,50667,496938,0.148
26-04-2021,UPL,EQ,585.4,587.1,597.9,585.9,590.6,590.65,591.78,3162291,1.87138E+14,46535,431594,0.1365
27-04-2021,UPL,EQ,590.65,591.1,605.2,589.4,597,597.45,598.49,4496811,2.69131E+14,104264,1256338,0.2794
28-04-2021,UPL,EQ,597.45,602.95,613.7,601.2,607.5,608.05,608.9,4983043,3.03419E+14,65061,937294,0.1881
29-04-2021,UPL,EQ,608.05,613.4,621,609.8,616.5,615.8,615.23,6257014,3.8495E+14,74611,1420467,0.227
30-04-2021,UPL,EQ,615.8,610.8,621,604.05,606,606.9,613.09,3072295,1.88359E+14,42385,664774,0.2164
